{
    "Problem": "3-Body Problem",
    "Method": "Dormand-Prince 8(7)",
    "Init": [-1,0,0, 1,0,0, 0,0,0, 0.4155517978,0.2960847052,0, 0.4155517978,0.2960847052,0, -0.8311035956,-0.5921694104,0],
    "T": 197.4708451315,
    "Periodic": 1,
    "eps": 1e-8,
    "Richardson Error Estimate": false,
    "Output": false,
    "Dense Output": false,
    "Dense-Discrete Output": true,
    "Dense-Discrete Output Step": 0.01
}