{
    "Problem": "Restricted 3-Body Problem",
    "Method": "Adaptive Radau-IIA",
    "Order": 5,
    "Mass Ratio": 0.01215058560962404,
    "Init": [0.940999792653582,	0,	0.509474299789674,	2.96893790664499e-13,	-0.12496802037557,	-3.12271706610827e-12],
    "T": 11.5552912057538,
    "Periodic": 1,
    "eps": 1e-9,
    "Richardson Error Estimate": false,
    "Output": true,
    "Dense Output": false,
    "Dense-Discrete Output": true,
    "Dense-Discrete Output Step": 0.01
}